timestamp,grams
2025-09-25T15:08:21.125395,609.9045796709099
2025-09-25T15:08:21.669332,610.2542933715768
2025-09-25T15:08:22.419076,610.5418357476807
2025-09-25T15:08:23.168796,610.918749402844
2025-09-25T15:08:23.918472,611.1596632855257
2025-09-25T15:08:24.668201,611.0508634675404
2025-09-25T15:08:25.417939,611.0586348831107
2025-09-25T15:08:26.167655,611.1285776232442
2025-09-25T15:08:26.917341,611.5987482652519
2025-09-25T15:08:27.667026,612.3875469456451
2025-09-25T15:08:28.416751,612.6750893217489
2025-09-25T15:08:29.166453,611.9173763036373
2025-09-25T15:08:29.916166,612.1349759396079
2025-09-25T15:08:30.665822,614.6956573700468
2025-09-25T15:08:43.835205,614.1516582801205
2025-09-25T15:08:44.584923,614.3653722083059
2025-09-25T15:08:45.334651,614.2954294681724
2025-09-25T15:08:46.084347,614.575200428706
2025-09-25T15:08:46.834044,615.1735994276249
2025-09-25T15:08:47.583699,614.3109722993132
2025-09-25T15:08:48.333404,614.5790861364911
2025-09-25T15:08:49.083137,614.9521140838692
2025-09-25T15:08:49.832816,615.1658280120546
2025-09-25T15:08:50.582494,615.2823992456102
2025-09-25T15:08:51.332183,615.8497125822477
2025-09-25T15:08:52.081884,615.5427416672178
2025-09-25T15:08:52.831562,615.5893701606401
2025-09-25T15:08:53.581253,615.2901706611806
2025-09-25T15:08:54.331010,615.3018277845362
2025-09-25T15:08:55.080729,615.0803424407804
2025-09-25T15:08:55.830448,614.948228376084
2025-09-25T15:08:56.580132,615.2513135833287
2025-09-25T15:08:57.329861,615.1580565964842
2025-09-25T15:08:58.079625,615.8302840433217
2025-09-25T15:08:58.829360,616.3975973799592
2025-09-25T15:08:59.579200,615.8380554588921
2025-09-25T15:09:00.328973,615.6981699786253
2025-09-25T15:09:01.078708,615.5699416217142
2025-09-25T15:09:01.828457,615.3717705246695
2025-09-25T15:09:02.578140,615.3095992001065
2025-09-25T15:09:03.327889,615.7214842253364
2025-09-25T15:09:04.077579,615.6126844073513
2025-09-25T15:09:04.827288,615.441713264803
2025-09-25T15:09:05.577031,615.4922274660104
2025-09-25T15:09:06.326765,615.7525698876179
2025-09-25T15:09:07.076542,615.566055913929
2025-09-25T15:09:07.826344,615.5777130372845
2025-09-25T15:09:08.576111,615.1075423952767
2025-09-25T15:09:09.325832,615.5271988360771
2025-09-25T15:09:10.075550,615.0725710252101
2025-09-25T15:09:10.825204,615.6981699786253
2025-09-25T15:09:11.574897,615.2007993821213
2025-09-25T15:09:12.324605,615.4183990180918
2025-09-25T15:09:13.074279,615.4067418947362
2025-09-25T15:09:13.823974,615.8225126277514
2025-09-25T15:09:14.573664,615.5971415762104
2025-09-25T15:09:15.323398,615.9429695690922
2025-09-25T15:09:16.073063,615.9740552313737
2025-09-25T15:09:16.822765,615.9313124457366
2025-09-25T15:09:17.572430,615.48445605044
2025-09-25T15:09:18.322111,615.8846839523144
2025-09-25T15:09:19.071781,615.834169751107
2025-09-25T15:09:19.821444,616.8133681129743
2025-09-25T15:09:20.571128,615.8069697966106
2025-09-25T15:09:21.320800,615.876912536744
2025-09-25T15:09:22.070492,615.9546266924477
2025-09-25T15:09:22.820183,616.0051408936552
2025-09-25T15:09:23.569871,615.89634107567
2025-09-25T15:09:24.319562,615.566055913929
2025-09-25T15:09:25.069230,615.5349702516475
2025-09-25T15:09:25.818897,616.0711979260034
2025-09-25T15:09:26.568563,616.5491399835815
2025-09-25T15:09:27.318275,615.8030840888255
2025-09-25T15:09:28.067955,615.4922274660104
2025-09-25T15:09:28.817658,616.0439979715071
2025-09-25T15:09:29.567355,615.2629707066843
2025-09-25T15:09:30.317050,615.7914269654699
2025-09-25T15:09:31.066755,615.628227238492
2025-09-25T15:09:31.816464,616.2305119451961
2025-09-25T15:09:32.566144,615.9546266924477
2025-09-25T15:09:33.315837,616.0673122182183
2025-09-25T15:09:34.065531,615.795312673255
2025-09-25T15:09:34.815269,616.1605692050628
2025-09-25T15:09:35.565011,615.7214842253364
2025-09-25T15:09:36.314791,616.3548545943221
2025-09-25T15:09:37.064446,616.1838834517738
2025-09-25T15:09:37.814151,615.958512400233
2025-09-25T15:09:38.563871,614.7772572335358
2025-09-25T15:09:39.313628,615.4727989270845
2025-09-25T15:09:40.063382,615.3678848168844
2025-09-25T15:09:40.813055,615.4922274660104
2025-09-25T15:09:41.562800,615.3484562779585
2025-09-25T15:09:42.312555,615.1230852264175
2025-09-25T15:09:43.062284,615.3484562779585
2025-09-25T15:09:43.811993,615.154170888699
2025-09-25T15:09:44.561730,615.1930279665509
2025-09-25T15:09:45.311481,614.8938284670915
2025-09-25T15:09:46.061210,614.9598854994396
2025-09-25T15:09:46.810898,615.2357707521879
2025-09-25T15:09:47.560621,615.9818266469441
2025-09-25T15:09:48.310367,616.0362265559367
2025-09-25T15:09:49.060114,615.958512400233
2025-09-25T15:09:49.809834,615.6398843618475
2025-09-25T15:09:50.559552,615.2940563689658
2025-09-25T15:09:51.309276,615.1930279665509
2025-09-25T15:09:52.059027,615.8186269199662
2025-09-25T15:09:52.808767,615.7175985175513
2025-09-25T15:09:53.558485,616.8522251908262
2025-09-25T15:09:54.308237,617.3185101250488
2025-09-25T15:09:55.057923,617.4545098975303
2025-09-25T15:09:55.807628,617.2407959693451
2025-09-25T15:09:56.557352,617.116453320219
2025-09-25T15:09:57.307075,617.178624644782
2025-09-25T15:09:58.056757,616.6229684315001
2025-09-25T15:09:58.806475,616.8522251908262
2025-09-25T15:09:59.556205,617.0853676579375
2025-09-25T15:10:00.305975,616.2538261919073
2025-09-25T15:10:01.055655,617.0931390735078
2025-09-25T15:10:01.805424,616.3043403931147
2025-09-25T15:10:02.555162,616.6540540937816
2025-09-25T15:10:03.304877,617.0931390735078
2025-09-25T15:10:04.054593,616.972682132167
2025-09-25T15:10:04.804312,616.8172538207596
2025-09-25T15:10:05.554053,616.9998820866633
2025-09-25T15:10:06.303778,616.723996833915
2025-09-25T15:10:07.053513,616.374283133248
2025-09-25T15:10:07.803240,616.1994262829146
2025-09-25T15:10:08.553040,616.8716537297521
2025-09-25T15:10:09.302733,616.4403401655962
2025-09-25T15:10:10.052510,617.0037677944485
2025-09-25T15:10:10.802242,616.9182822231744
2025-09-25T15:10:11.551946,616.8172538207596
2025-09-25T15:10:12.301694,616.5452542757963
2025-09-25T15:10:13.051389,616.9415964698856
2025-09-25T15:10:13.801141,616.7084540027743
2025-09-25T15:10:14.550877,617.0115392100189
2025-09-25T15:10:15.300625,617.1669675214264
2025-09-25T15:10:16.050375,616.9687964243818
2025-09-25T15:10:16.800069,617.0659391190115
2025-09-25T15:10:17.549780,616.4986257823741
2025-09-25T15:10:18.299536,617.0037677944485
2025-09-25T15:10:19.049212,616.8366823596855
2025-09-25T15:10:19.798937,617.0698248267968
2025-09-25T15:10:20.548659,616.8483394830411
2025-09-25T15:10:21.298393,616.4481115811666
2025-09-25T15:10:22.048143,616.8444537752558
2025-09-25T15:10:22.797842,616.9338250543152
2025-09-25T15:10:23.547592,616.8211395285447
2025-09-25T15:10:24.297338,616.910510807604
2025-09-25T15:10:25.047002,616.7900538662632
2025-09-25T15:10:25.796716,616.8405680674706
2025-09-25T15:10:26.546447,617.2097103070635
2025-09-25T15:10:27.296169,616.7589682039817
2025-09-25T15:10:28.045910,616.3198832242555
2025-09-25T15:10:28.795623,616.704568294989
2025-09-25T15:10:29.545366,616.4947400745889
2025-09-25T15:10:30.295076,615.8225126277514
2025-09-25T15:10:31.044771,616.3781688410332
2025-09-25T15:10:31.794518,616.6035398925742
2025-09-25T15:10:32.544235,616.6229684315001
2025-09-25T15:10:33.293948,616.5724542302927
2025-09-25T15:10:34.043713,617.2330245537746
2025-09-25T15:10:34.793442,616.8871965608929
2025-09-25T15:10:35.543182,617.3767957418266
2025-09-25T15:10:36.292926,617.2485673849154
2025-09-25T15:10:37.042631,617.0737105345819
2025-09-25T15:10:37.792384,616.8327966519003
2025-09-25T15:10:38.542114,617.5438811765897
2025-09-25T15:10:39.291835,617.1242247357894
2025-09-25T15:10:40.041597,617.4039956963229
2025-09-25T15:10:40.791302,617.3573672029006
2025-09-25T15:10:41.541023,617.7964521826269
2025-09-25T15:10:42.290759,617.9207948317529
2025-09-25T15:10:43.040533,617.6798809490713
2025-09-25T15:10:43.790268,617.675995241286
2025-09-25T15:10:44.539982,617.3340529561896
2025-09-25T15:10:45.289712,617.3457100795451
2025-09-25T15:10:46.039435,617.9985089874567
2025-09-25T15:10:46.789125,617.4933669753823
2025-09-25T15:10:47.538850,618.0023946952418
2025-09-25T15:10:48.288633,617.2369102615598
2025-09-25T15:10:49.038389,617.384567157397
2025-09-25T15:10:49.788065,617.6449095790045
2025-09-25T15:10:50.537770,617.4234242352488
2025-09-25T15:10:51.287475,617.2058245992783
2025-09-25T15:10:52.037166,617.9285662473233
2025-09-25T15:10:52.786876,617.7653665203454
2025-09-25T15:10:53.536652,616.9377107621003
2025-09-25T15:10:54.286421,617.1086819046486
2025-09-25T15:10:55.036191,617.2135960148487
2025-09-25T15:10:55.785941,617.4661670208859
2025-09-25T15:10:56.535649,616.8211395285447
2025-09-25T15:10:57.285399,617.5982810855824
2025-09-25T15:10:58.035039,617.0270820411597
2025-09-25T15:10:58.784700,617.2407959693451
2025-09-25T15:10:59.534385,616.9338250543152
2025-09-25T15:11:00.284132,616.6967968794187
2025-09-25T15:11:01.033804,617.4817098520267
2025-09-25T15:11:01.783482,617.652680994575
2025-09-25T15:11:02.533151,617.2718816316266
2025-09-25T15:11:03.282927,617.1825103525672
2025-09-25T15:11:04.032655,616.8599966063966
2025-09-25T15:11:04.782402,616.9143965153892
2025-09-25T15:11:05.532106,616.7706253273373
2025-09-25T15:11:06.281819,617.116453320219
2025-09-25T15:11:07.031539,617.3457100795451
2025-09-25T15:11:07.781258,617.7925664748417
2025-09-25T15:11:08.530975,617.2563388004858
2025-09-25T15:11:09.280703,617.2369102615598
2025-09-25T15:11:10.030367,616.8444537752558
2025-09-25T15:11:10.780055,616.9998820866633
2025-09-25T15:11:11.529780,617.2913101705525
2025-09-25T15:11:12.279463,617.2485673849154
2025-09-25T15:11:13.029153,617.198053183708
2025-09-25T15:11:13.778844,617.1086819046486
2025-09-25T15:11:14.528550,617.3379386639747
2025-09-25T15:11:15.278236,617.03485345673
2025-09-25T15:11:16.027893,617.3806814496118
2025-09-25T15:11:16.777595,616.7006825872039
2025-09-25T15:11:17.527275,617.2174817226339
2025-09-25T15:11:18.276911,617.4972526831674
2025-09-25T15:11:19.026541,617.3340529561896
2025-09-25T15:11:19.776163,617.1086819046486
2025-09-25T15:11:20.525773,616.5957684770038
2025-09-25T15:11:21.275367,616.5918827692186
2025-09-25T15:11:22.024993,616.7395396650558
2025-09-25T15:11:22.774535,617.1436532747153
2025-09-25T15:11:23.524129,616.9338250543152
2025-09-25T15:11:24.273742,616.992110671093
2025-09-25T15:11:25.023344,616.661825509352
2025-09-25T15:11:25.772981,616.3198832242555
2025-09-25T15:11:26.522614,616.4014830877444
2025-09-25T15:11:27.272313,616.6851397560631
2025-09-25T15:11:28.022150,616.7978252818335
2025-09-25T15:11:28.771860,617.260224508271
2025-09-25T15:11:29.521585,617.0931390735078
2025-09-25T15:11:30.271375,617.5749668388712
2025-09-25T15:11:31.021207,617.571081131086
2025-09-25T15:11:31.771034,617.3340529561896
2025-09-25T15:11:32.520882,617.1281104435745
2025-09-25T15:11:33.270670,617.178624644782
2025-09-25T15:11:34.020445,617.44673848196
2025-09-25T15:11:34.770227,617.1242247357894
2025-09-25T15:11:35.520041,617.2951958783376
2025-09-25T15:11:36.269930,617.5982810855824
2025-09-25T15:11:37.019730,616.9998820866633
2025-09-25T15:11:37.769510,617.4117671118933
2025-09-25T15:11:38.519343,616.7589682039817
2025-09-25T15:11:39.269190,617.054281995656
2025-09-25T15:11:40.019015,617.1281104435745
2025-09-25T15:11:40.768790,617.0387391645153
2025-09-25T15:11:41.518659,616.9377107621003
2025-09-25T15:11:42.268422,617.4195385274637
2025-09-25T15:11:43.018213,617.4622813131008
2025-09-25T15:11:43.767977,617.652680994575
2025-09-25T15:11:44.517725,616.7278825417002
2025-09-25T15:11:45.267528,616.9765678399523
2025-09-25T15:11:46.017313,617.2913101705525
2025-09-25T15:11:46.770785,617.1047961968634
2025-09-25T15:11:47.520595,617.1863960603524
2025-09-25T15:11:48.270418,617.6487952867898
2025-09-25T15:11:49.020262,617.2019388914931
2025-09-25T15:11:49.770087,617.2679959238413
2025-09-25T15:11:50.519863,617.5399954688045
2025-09-25T15:11:51.269633,617.2058245992783
2025-09-25T15:11:52.019313,616.7978252818335
2025-09-25T15:11:52.769064,617.3457100795451
2025-09-25T15:11:53.518793,617.8974805850418
2025-09-25T15:11:54.268472,617.5283383454489
2025-09-25T15:11:55.018232,617.6099382089379
2025-09-25T15:11:55.768133,617.6837666568565
2025-09-25T15:11:56.517964,617.7342808580639
2025-09-25T15:11:57.267822,617.1941674759228
2025-09-25T15:11:58.017751,617.1358818591449
2025-09-25T15:11:58.767661,617.198053183708
2025-09-25T15:11:59.517569,617.0737105345819
2025-09-25T15:12:00.267447,617.2019388914931
2025-09-25T15:12:01.017175,617.0076535022338
2025-09-25T15:12:01.767930,617.3767957418266
2025-09-25T15:12:02.517799,617.221367430419
2025-09-25T15:12:03.267570,617.7614808125602
2025-09-25T15:12:04.017430,618.2471942857087
2025-09-25T15:12:04.767147,617.4583956053156
2025-09-25T15:12:05.516974,617.5283383454489
2025-09-25T15:12:06.266741,618.2277657467828
2025-09-25T15:12:07.016411,618.1850229611457
2025-09-25T15:12:07.766121,618.0295946497382
2025-09-25T15:12:08.515865,618.0606803120197
2025-09-25T15:12:09.265543,617.6099382089379
2025-09-25T15:12:10.015362,618.1422801755086
2025-09-25T15:12:10.765131,617.8702806305455
2025-09-25T15:12:11.514958,617.695423780212
2025-09-25T15:12:12.264863,618.0567946042345
2025-09-25T15:12:13.014668,618.0062804030271
2025-09-25T15:12:13.766816,618.5308509540274
2025-09-25T15:12:14.514397,617.9946232796715
2025-09-25T15:12:15.264171,618.5075367073164
2025-09-25T15:12:16.013902,619.1953069852947
2025-09-25T15:12:16.763616,618.1461658832939
2025-09-25T15:12:17.513328,617.6449095790045
2025-09-25T15:12:18.262994,618.8300504534869
2025-09-25T15:12:19.012667,618.810621914561
2025-09-25T15:12:19.762326,618.2199943312124
2025-09-25T15:12:20.511972,618.7134792199313
2025-09-25T15:12:21.261660,618.1889086689309
2025-09-25T15:12:22.011342,618.8183933301314
2025-09-25T15:12:22.760985,618.2705085324199
2025-09-25T15:12:23.510690,618.48033675282
2025-09-25T15:12:24.260357,619.0515357972427
2025-09-25T15:12:25.010028,618.3948511815458
2025-09-25T15:12:25.759741,619.222506939791
2025-09-25T15:12:26.509410,618.9116503169759
2025-09-25T15:12:27.259094,618.8922217780499
2025-09-25T15:12:28.008759,618.4609082138941
2025-09-25T15:12:28.758430,617.8430806760492
2025-09-25T15:12:29.508048,617.9363376628937
2025-09-25T15:12:30.257690,618.8805646546944
2025-09-25T15:12:31.007364,617.5127955143082
2025-09-25T15:12:31.756996,617.8353092604788
2025-09-25T15:12:32.506647,618.2199943312124
2025-09-25T15:12:33.256324,618.6823935576498
2025-09-25T15:12:34.006024,618.6629650187239
2025-09-25T15:12:34.755628,618.3482226881237
2025-09-25T15:12:35.505283,617.9751947407456
2025-09-25T15:12:36.254961,617.5905096700119
2025-09-25T15:12:37.004645,618.2627371168495
2025-09-25T15:12:37.754305,617.901366292827
2025-09-25T15:12:38.503967,617.7187380269231
2025-09-25T15:12:39.254475,617.675995241286
2025-09-25T15:12:40.004150,618.0412517730938
2025-09-25T15:12:40.753817,617.9946232796715
2025-09-25T15:12:41.503502,617.839194968264
2025-09-25T15:12:42.253193,617.5438811765897
2025-09-25T15:12:43.002889,617.7187380269231
2025-09-25T15:12:43.752597,617.901366292827
2025-09-25T15:12:44.502240,617.5866239622268
2025-09-25T15:12:45.251932,618.2122229156421
2025-09-25T15:12:46.001595,618.0839945587309
2025-09-25T15:12:46.751253,617.7886807670566
2025-09-25T15:12:47.500956,618.1228516365827
2025-09-25T15:12:48.250679,617.9324519551085
2025-09-25T15:12:49.000351,618.2782799479902
2025-09-25T15:12:49.765184,618.231651454568
2025-09-25T15:12:50.515011,618.3521083959088
2025-09-25T15:12:51.264671,618.3637655192643
2025-09-25T15:12:52.014356,618.7095935121462
2025-09-25T15:12:52.763978,618.5308509540274
2025-09-25T15:12:53.513623,618.293822779131
2025-09-25T15:12:54.263292,618.2433085779236
2025-09-25T15:12:55.012916,618.3171370258422
2025-09-25T15:12:55.762610,618.7057078043609
2025-09-25T15:12:56.512236,618.3676512270496
2025-09-25T15:12:57.261905,617.8897091694714
2025-09-25T15:12:58.011546,618.4764510450349
2025-09-25T15:12:58.761191,619.0670786283835
2025-09-25T15:12:59.510813,619.1059357062353
2025-09-25T15:13:00.260508,618.2005657922865
2025-09-25T15:13:01.010202,618.5036509995311
2025-09-25T15:13:01.759855,618.3093656102717
2025-09-25T15:13:02.509487,618.3598798114792
2025-09-25T15:13:03.259167,618.8339361612722
2025-09-25T15:13:04.008809,618.9777073493241
2025-09-25T15:13:04.758455,618.3326798569828
2025-09-25T15:13:05.508142,618.4298225516126
2025-09-25T15:13:06.257819,618.686279265435
2025-09-25T15:13:07.007455,618.3676512270496
2025-09-25T15:13:07.757085,619.3857066667689
2025-09-25T15:13:08.506704,618.3521083959088
2025-09-25T15:13:09.256338,618.2977084869162
2025-09-25T15:13:10.005934,618.9777073493241
2025-09-25T15:13:10.755562,618.6979363887906
2025-09-25T15:13:11.505180,618.8222790379166
2025-09-25T15:13:12.254819,619.1486784918724
2025-09-25T15:13:13.004409,619.0049073038205
2025-09-25T15:13:13.754020,618.3287941491977
2025-09-25T15:13:14.503643,618.2977084869162
2025-09-25T15:13:15.253309,618.5580509085238
2025-09-25T15:13:16.002912,619.801477399784
2025-09-25T15:13:16.752563,619.2769068487836
2025-09-25T15:13:17.502178,618.4919938761756
2025-09-25T15:13:18.251804,618.8183933301314
2025-09-25T15:13:19.001474,619.1447927840871
2025-09-25T15:13:19.751112,618.9388502714722
2025-09-25T15:13:20.500790,619.0515357972427
2025-09-25T15:13:21.250457,618.9854787648944
2025-09-25T15:13:22.000096,618.9699359337537
2025-09-25T15:13:22.749714,618.6823935576498
2025-09-25T15:13:23.499307,619.2885639721392
2025-09-25T15:13:24.248960,619.4401065757614
2025-09-25T15:13:24.998635,619.1214785373761
2025-09-25T15:13:25.748242,618.9815930571093
2025-09-25T15:13:26.497829,618.5153081228867
2025-09-25T15:13:27.247433,619.1253642451612
2025-09-25T15:13:27.997025,619.1486784918724
2025-09-25T15:13:28.746686,619.3390781733466
2025-09-25T15:13:29.496331,619.1059357062353
2025-09-25T15:13:30.245998,619.4167923290504
2025-09-25T15:13:30.995622,619.6266205494505
2025-09-25T15:13:31.745262,619.4439922835467
2025-09-25T15:13:32.494861,619.3818209589837
2025-09-25T15:13:33.244471,620.0268484513249
2025-09-25T15:13:33.994095,620.2794194573621
2025-09-25T15:13:34.743748,619.9918770812582
2025-09-25T15:13:35.493364,619.906391509984
2025-09-25T15:13:36.243043,619.428449452406
2025-09-25T15:13:36.992660,619.4673065302578
2025-09-25T15:13:37.742264,619.9141629255545
2025-09-25T15:13:38.491890,620.2599909184362
2025-09-25T15:13:39.241519,620.8311899628588
2025-09-25T15:13:39.991130,620.361019320851
2025-09-25T15:13:40.740720,620.2327909639398
2025-09-25T15:13:41.490358,619.9374771722655
2025-09-25T15:13:42.239990,619.7937059842136
2025-09-25T15:13:42.989640,619.3934780823392
2025-09-25T15:13:43.739252,620.0035342046137
2025-09-25T15:13:44.488876,619.5683349326727
2025-09-25T15:13:45.238514,619.945248587836
2025-09-25T15:13:45.988144,619.1525641996576
2025-09-25T15:13:46.737745,620.5125619244734
2025-09-25T15:13:47.487385,619.9996484968285
2025-09-25T15:13:48.237035,619.3235353422058
2025-09-25T15:13:48.986633,619.6382776728061
2025-09-25T15:13:49.736180,620.1628482238065
2025-09-25T15:13:50.485754,619.1447927840871
2025-09-25T15:13:51.235400,620.0190770357545
2025-09-25T15:13:51.984992,620.1511911004509
2025-09-25T15:13:52.734610,620.1239911459546
2025-09-25T15:13:53.484321,620.4775905544067
2025-09-25T15:13:54.233988,620.1667339315917
2025-09-25T15:13:54.983627,619.7587346141469
2025-09-25T15:13:55.733238,619.6110777183097
2025-09-25T15:13:56.482827,620.0190770357545
2025-09-25T15:13:57.232389,620.1667339315917
2025-09-25T15:13:57.981937,619.7237632440803
2025-09-25T15:13:58.731478,619.4750779458282
2025-09-25T15:13:59.481053,620.1201054381694
2025-09-25T15:14:00.230660,620.3299336585695
2025-09-25T15:14:00.980286,619.9569057111916
2025-09-25T15:14:01.729856,620.0579341136064
2025-09-25T15:14:02.479500,620.2094767172288
2025-09-25T15:14:03.229181,620.2638766262213
2025-09-25T15:14:03.978743,620.2289052561547
2025-09-25T15:14:04.728314,620.069591236962
2025-09-25T15:14:05.477901,619.8403344776359
2025-09-25T15:14:06.227508,620.691304482592
2025-09-25T15:14:06.977086,620.3027337040733
2025-09-25T15:14:07.726675,620.7495900993699
2025-09-25T15:14:08.476230,620.4348477687696
2025-09-25T15:14:09.225803,619.7937059842136
2025-09-25T15:14:09.975370,619.9219343411248
2025-09-25T15:14:10.724919,619.9957627890434
2025-09-25T15:14:11.474518,620.9866182742663
2025-09-25T15:14:12.224104,620.0190770357545
2025-09-25T15:14:12.989001,620.504790508903
2025-09-25T15:14:13.738569,621.3169034360074
2025-09-25T15:14:14.488086,620.4426191843401
2025-09-25T15:14:15.237695,620.3649050286363
2025-09-25T15:14:15.987260,620.4426191843401
2025-09-25T15:14:16.736818,621.208103618022
2025-09-25T15:14:17.486361,621.1148466311776
2025-09-25T15:14:18.235944,620.380447859777
2025-09-25T15:14:18.985455,619.614963426095
2025-09-25T15:14:19.734976,620.8933612874218
2025-09-25T15:14:20.484487,621.0759895533257
2025-09-25T15:14:21.234095,620.423190645414
2025-09-25T15:14:21.983630,620.6446759891697
2025-09-25T15:14:22.733202,620.8311899628588
2025-09-25T15:14:23.482809,620.193933886088
2025-09-25T15:14:24.232379,619.8869629710581
2025-09-25T15:14:24.981960,620.131762561525
2025-09-25T15:14:25.731537,620.1356482693102
2025-09-25T15:14:26.481154,619.8791915554878
2025-09-25T15:14:27.230723,620.7418186837995
2025-09-25T15:14:27.980276,620.2055910094435
2025-09-25T15:14:28.729847,620.2833051651473
2025-09-25T15:14:29.479421,620.0462769902508
2025-09-25T15:14:30.229048,620.7068473137329
2025-09-25T15:14:30.978590,620.586390372392
2025-09-25T15:14:31.728135,621.1070752156072
2025-09-25T15:14:32.477687,619.614963426095
2025-09-25T15:14:33.227272,620.380447859777
2025-09-25T15:14:33.976846,620.8001043005773
2025-09-25T15:14:34.726445,620.2444480872954
2025-09-25T15:14:35.476058,619.5411349781764
2025-09-25T15:14:36.225652,620.2405623795103
2025-09-25T15:14:36.975227,620.2094767172288
2025-09-25T15:14:37.724800,620.1395339770953
2025-09-25T15:14:38.474405,620.0229627435397
2025-09-25T15:14:39.224005,619.4595351146875
2025-09-25T15:14:39.973581,620.0385055746805
2025-09-25T15:14:40.723111,619.9102772177692
2025-09-25T15:14:41.472676,620.1667339315917
2025-09-25T15:14:42.222244,619.6654776273024
2025-09-25T15:14:42.971802,619.6654776273024
2025-09-25T15:14:43.721346,620.1084483148138
2025-09-25T15:14:44.470954,619.3079925110651
2025-09-25T15:14:45.220565,620.2522195028658
2025-09-25T15:14:45.970178,619.5022779003245
2025-09-25T15:14:46.719723,619.7276489518654
2025-09-25T15:14:47.469225,620.1706196393768
2025-09-25T15:14:48.218812,619.2963353877095
2025-09-25T15:14:48.968426,620.0890197758879
2025-09-25T15:14:49.718095,620.0618198213916
2025-09-25T15:14:50.467731,620.6369045735994
2025-09-25T15:14:51.217420,620.0229627435397
2025-09-25T15:14:51.967102,619.7742774452877
2025-09-25T15:14:52.716749,619.4634208224726
2025-09-25T15:14:53.466432,619.5489063937467
2025-09-25T15:14:54.216103,620.0890197758879
2025-09-25T15:14:54.965737,619.3002210954947
2025-09-25T15:14:55.715393,619.8481058932063
2025-09-25T15:14:56.465047,619.8869629710581
2025-09-25T15:14:57.214675,620.0385055746805
2025-09-25T15:14:57.964292,619.906391509984
2025-09-25T15:14:58.713983,620.0268484513249
2025-09-25T15:14:59.463619,619.6926775817988
2025-09-25T15:15:00.213294,619.5605635171023
2025-09-25T15:15:00.962930,619.2535926020724
2025-09-25T15:15:01.712571,619.7276489518654
2025-09-25T15:15:02.462176,619.5178207314652
2025-09-25T15:15:03.211808,619.0010215960352
2025-09-25T15:15:03.961440,619.0554215050279
2025-09-25T15:15:04.711054,619.3196496344207
2025-09-25T15:15:05.460675,618.7911933756351
2025-09-25T15:15:06.210322,620.1395339770953
2025-09-25T15:15:06.959954,619.533363562606
2025-09-25T15:15:07.709602,619.1953069852947
2025-09-25T15:15:08.459235,619.0865071673094
2025-09-25T15:15:09.208898,619.0903928750946
2025-09-25T15:15:09.958529,619.9297057566952
2025-09-25T15:15:10.708151,618.8766789469092
2025-09-25T15:15:11.457759,618.8417075768425
2025-09-25T15:15:12.207419,619.3196496344207
2025-09-25T15:15:12.957024,619.4750779458282
2025-09-25T15:15:13.706622,619.3857066667689
2025-09-25T15:15:14.456235,618.4764510450349
2025-09-25T15:15:15.205871,619.5372492703912
2025-09-25T15:15:15.955475,618.7018220965757
2025-09-25T15:15:16.705128,618.9233074403314
2025-09-25T15:15:17.454773,619.2458211865021
2025-09-25T15:15:18.204445,618.6707364342942
2025-09-25T15:15:18.954079,619.1020499984501
2025-09-25T15:15:19.703675,619.2769068487836
2025-09-25T15:15:20.453286,619.6227348416653
2025-09-25T15:15:21.202936,618.872793239124
2025-09-25T15:15:21.952552,618.9388502714722
2025-09-25T15:15:22.702187,619.327421049991
2025-09-25T15:15:23.451813,618.7367934666424
2025-09-25T15:15:24.201489,618.934964563687
2025-09-25T15:15:24.951120,619.5178207314652
2025-09-25T15:15:25.700698,619.327421049991
2025-09-25T15:15:26.450298,620.8428470862144
2025-09-25T15:15:27.199950,620.361019320851
2025-09-25T15:15:27.949550,619.4051352056948
2025-09-25T15:15:28.699203,619.6965632895839
2025-09-25T15:15:29.448808,619.8092488153544
2025-09-25T15:15:30.198464,619.3079925110651
2025-09-25T15:15:30.948083,619.9530200034063
2025-09-25T15:15:31.697729,619.7781631530728
2025-09-25T15:15:32.447413,620.3571336130659
2025-09-25T15:15:33.196996,620.0462769902508
2025-09-25T15:15:33.946585,619.9374771722655
2025-09-25T15:15:34.696197,619.4401065757614
2025-09-25T15:15:35.445824,619.9025058021989
2025-09-25T15:15:36.195438,620.1201054381694
2025-09-25T15:15:36.945042,619.5489063937467
2025-09-25T15:15:37.694670,619.6654776273024
2025-09-25T15:15:38.444317,619.8558773087766
2025-09-25T15:15:39.193924,619.7315346596506
2025-09-25T15:15:39.943576,620.2250195483695
2025-09-25T15:15:40.693234,619.3118782188503
2025-09-25T15:15:41.442874,619.8364487698507
2025-09-25T15:15:42.192520,619.7937059842136
2025-09-25T15:15:42.942130,619.327421049991
2025-09-25T15:15:43.691658,619.4828493613985
2025-09-25T15:15:44.441178,619.7587346141469
2025-09-25T15:15:45.190708,619.8209059387099
2025-09-25T15:15:45.940283,619.5217064392505
2025-09-25T15:15:46.689840,619.451763699117
2025-09-25T15:15:47.439416,619.4634208224726
2025-09-25T15:15:48.188991,619.0865071673094
2025-09-25T15:15:48.938590,619.6499347961617
2025-09-25T15:15:49.688203,619.7315346596506
2025-09-25T15:15:50.437776,619.1953069852947
2025-09-25T15:15:51.187363,619.7237632440803
2025-09-25T15:15:51.936908,620.0151913279693
2025-09-25T15:15:52.686439,619.782048860858
2025-09-25T15:15:53.435991,619.9646771267619
2025-09-25T15:15:54.185594,619.3468495889169
2025-09-25T15:15:54.935174,620.0773626525323
2025-09-25T15:15:55.684702,619.8597630165618
2025-09-25T15:15:56.434298,620.112334022599
2025-09-25T15:15:57.183866,619.6693633350876
2025-09-25T15:15:57.933394,619.6305062572357
2025-09-25T15:15:58.682984,620.7418186837995
2025-09-25T15:15:59.432611,619.968562834547
2025-09-25T15:16:00.182229,619.0476500894575
2025-09-25T15:16:00.931784,620.1006768992435
2025-09-25T15:16:01.681373,619.7587346141469
2025-09-25T15:16:02.430931,619.9219343411248
2025-09-25T15:16:03.180626,618.9310788559019
2025-09-25T15:16:03.930207,619.9413628800507
2025-09-25T15:16:04.679825,619.5489063937467
2025-09-25T15:16:05.429442,620.0540484058212
2025-09-25T15:16:06.179062,620.33770507414
2025-09-25T15:16:06.928621,619.8986200944137
2025-09-25T15:16:07.678208,620.4270763531993
2025-09-25T15:16:08.427760,619.801477399784
2025-09-25T15:16:09.177315,619.7354203674357
2025-09-25T15:16:09.926899,619.9724485423322
2025-09-25T15:16:10.676469,620.4931333855475
2025-09-25T15:16:11.426008,619.3235353422058
2025-09-25T15:16:12.175574,619.9918770812582
2025-09-25T15:16:12.925163,619.5061636081097
2025-09-25T15:16:13.674734,619.8558773087766
2025-09-25T15:16:14.424321,619.2458211865021
2025-09-25T15:16:15.173911,618.5463937851682
2025-09-25T15:16:15.923487,619.6810204584432
2025-09-25T15:16:16.673055,619.4362208679763
2025-09-25T15:16:17.422634,620.0346198668952
2025-09-25T15:16:18.172232,619.7082204129395
2025-09-25T15:16:18.921826,619.8092488153544
2025-09-25T15:16:19.671393,620.3649050286363
2025-09-25T15:16:20.420971,620.5902760801772
2025-09-25T15:16:21.170566,620.1473053926658
2025-09-25T15:16:21.920152,619.2574783098577
2025-09-25T15:16:22.669790,619.552792101532
2025-09-25T15:16:23.419396,620.2716480417918
2025-09-25T15:16:24.168975,620.0657055291767
2025-09-25T15:16:24.918581,620.3959906909178
2025-09-25T15:16:25.668184,620.1822767627324
2025-09-25T15:16:26.417790,620.256105210651
2025-09-25T15:16:27.167411,619.6499347961617
2025-09-25T15:16:27.917128,619.7781631530728
2025-09-25T15:16:28.666826,619.8869629710581
2025-09-25T15:16:29.416454,619.6343919650209
2025-09-25T15:16:30.166097,619.9763342501175
2025-09-25T15:16:30.915705,620.4387334765548
2025-09-25T15:16:31.665378,620.0812483603175
2025-09-25T15:16:32.415072,620.7495900993699
2025-09-25T15:16:33.164724,620.2677623340065
2025-09-25T15:16:33.914411,620.236676671725
2025-09-25T15:16:34.664079,620.7340472682291
2025-09-25T15:16:35.413728,620.0890197758879
2025-09-25T15:16:36.163389,620.7301615604439
2025-09-25T15:16:36.913030,620.8817041640663
2025-09-25T15:16:37.662691,620.9089041185625
2025-09-25T15:16:38.412363,620.5319904633993
2025-09-25T15:16:39.162009,620.2871908729325
2025-09-25T15:16:39.911642,620.5941617879623
2025-09-25T15:16:40.661298,620.4737048466216
2025-09-25T15:16:41.410894,621.3868461761407
2025-09-25T15:16:42.160554,620.1006768992435
2025-09-25T15:16:42.910170,620.6563331125253
2025-09-25T15:16:43.659788,620.2483337950806
2025-09-25T15:16:44.409383,620.4853619699771
2025-09-25T15:16:45.158986,620.131762561525
2025-09-25T15:16:45.908683,620.4387334765548
2025-09-25T15:16:46.658311,621.3907318839259
2025-09-25T15:16:47.407877,620.8933612874218
2025-09-25T15:16:48.157403,621.227532156948
2025-09-25T15:16:48.906962,620.3415907819251
2025-09-25T15:16:49.656517,620.9749611509108
2025-09-25T15:16:50.406071,621.4023890072815
2025-09-25T15:16:51.155606,621.7715312468744
2025-09-25T15:16:51.905205,622.2727875511636
2025-09-25T15:16:52.654794,621.0682181377553
2025-09-25T15:16:53.404347,621.2974748970814
2025-09-25T15:16:54.153907,621.0449038910442
2025-09-25T15:16:54.903518,621.6161029354669
2025-09-25T15:16:55.653140,620.7262758526588
2025-09-25T15:16:56.402812,622.1445591942525
2025-09-25T15:16:57.152385,621.3052463126518
2025-09-25T15:16:57.901933,621.4801031629852
2025-09-25T15:16:58.651538,621.5111888252667
2025-09-25T15:16:59.401112,621.3013606048665
2025-09-25T15:17:00.150719,621.0254753521182
2025-09-25T15:17:00.900310,621.4839888707704
2025-09-25T15:17:01.649905,621.0993038000368
2025-09-25T15:17:02.399474,621.5111888252667
2025-09-25T15:17:03.149030,621.7365598768076
2025-09-25T15:17:03.898588,621.4140461306371
2025-09-25T15:17:04.648124,621.2391892803035
2025-09-25T15:17:05.397685,620.7690186382958
2025-09-25T15:17:06.147268,621.5034174096963
2025-09-25T15:17:06.896796,621.2119893258073
2025-09-25T15:17:07.646321,621.4023890072815
2025-09-25T15:17:08.395858,621.1070752156072
2025-09-25T15:17:09.145441,621.9386166816374
2025-09-25T15:17:09.895021,621.1847893713109
2025-09-25T15:17:10.644559,621.658845721104
2025-09-25T15:17:11.394140,621.2858177737259
2025-09-25T15:17:12.143715,621.3052463126518
2025-09-25T15:17:12.893256,621.041018183259
2025-09-25T15:17:13.642824,621.103189507822
2025-09-25T15:17:14.392380,620.8855898718515
2025-09-25T15:17:15.141942,621.2741606503703
2025-09-25T15:17:15.891579,621.4373603773481
2025-09-25T15:17:16.641212,622.237816181097
2025-09-25T15:17:17.390870,621.2819320659406
2025-09-25T15:17:18.140538,622.2533590122376
2025-09-25T15:17:18.890142,620.8273042550736
2025-09-25T15:17:19.639752,621.8842167726448
2025-09-25T15:17:20.389361,621.165360832385
2025-09-25T15:17:21.138975,621.5150745330519
2025-09-25T15:17:21.888619,621.5345030719778
2025-09-25T15:17:22.638259,621.1809036635258
2025-09-25T15:17:23.387885,620.9127898263478
2025-09-25T15:17:24.137489,620.8817041640663
2025-09-25T15:17:24.887074,620.5319904633993
2025-09-25T15:17:25.636669,621.289703481511
2025-09-25T15:17:26.386233,620.7612472227254
2025-09-25T15:17:27.135819,620.0268484513249
2025-09-25T15:17:27.885428,620.4775905544067
2025-09-25T15:17:28.634999,620.0734769447472
2025-09-25T15:17:29.384600,620.0268484513249
2025-09-25T15:17:30.134167,620.1239911459546
2025-09-25T15:17:30.883723,620.7767900538662
2025-09-25T15:17:31.633252,620.8506185017848
2025-09-25T15:17:32.382818,620.8078757161477
2025-09-25T15:17:33.132430,620.0812483603175
2025-09-25T15:17:33.882009,619.8869629710581
2025-09-25T15:17:34.631594,620.8894755796366
2025-09-25T15:17:35.381178,619.5683349326727
2025-09-25T15:17:36.130786,619.5877634715986
2025-09-25T15:17:36.880424,619.8403344776359
2025-09-25T15:17:37.629980,619.6849061662283
2025-09-25T15:17:38.379548,619.657706211732
2025-09-25T15:17:39.129099,620.007419912399
2025-09-25T15:17:39.878683,619.8481058932063
2025-09-25T15:17:40.628254,619.2458211865021
2025-09-25T15:17:41.377801,619.4439922835467
2025-09-25T15:17:42.127380,619.4673065302578
2025-09-25T15:17:42.876976,619.9258200489099
2025-09-25T15:17:43.626571,619.1447927840871
2025-09-25T15:17:44.376178,619.2885639721392
2025-09-25T15:17:45.125752,619.719877536295
2025-09-25T15:17:45.875330,618.7873076678499
2025-09-25T15:17:46.624884,619.2419354787169
2025-09-25T15:17:47.374495,619.3934780823392
2025-09-25T15:17:48.124076,618.8183933301314
2025-09-25T15:17:48.873641,619.801477399784
2025-09-25T15:17:49.623188,619.0126787193908
2025-09-25T15:17:50.372822,619.2691354332133
2025-09-25T15:17:51.122436,619.1914212775094
2025-09-25T15:17:51.872015,620.1162197303842
2025-09-25T15:17:52.621581,619.8791915554878
2025-09-25T15:17:53.371175,620.4737048466216
2025-09-25T15:17:54.120769,619.1447927840871
2025-09-25T15:17:54.870390,619.3079925110651
2025-09-25T15:17:55.619989,619.5450206859616
2025-09-25T15:17:56.369521,619.2924496799243
2025-09-25T15:17:57.119139,619.4245637446207
2025-09-25T15:17:57.868749,619.3468495889169
2025-09-25T15:17:58.618304,619.2380497709318
2025-09-25T15:17:59.367830,619.4206780368355
2025-09-25T15:18:00.117482,620.2522195028658
2025-09-25T15:18:00.867096,619.5566778093171
2025-09-25T15:18:01.616773,619.6188491338802
2025-09-25T15:18:02.366400,619.389592374554
2025-09-25T15:18:03.116052,619.3351924655614
2025-09-25T15:18:03.865674,619.8247916464951
2025-09-25T15:18:04.615264,620.6679902358809
2025-09-25T15:18:05.364878,619.7159918285098
2025-09-25T15:18:06.114513,620.0151913279693
2025-09-25T15:18:06.864131,619.7509631985765
2025-09-25T15:18:07.613742,620.4154192298437
2025-09-25T15:18:08.363373,619.7082204129395
2025-09-25T15:18:09.113022,620.0579341136064
2025-09-25T15:18:09.862634,620.2172481327991
2025-09-25T15:18:10.612265,620.6718759436661
2025-09-25T15:18:11.361874,620.33770507414
2025-09-25T15:18:12.111505,619.844220185421
2025-09-25T15:18:12.861096,619.8986200944137
2025-09-25T15:18:13.610702,620.1628482238065
2025-09-25T15:18:14.360308,619.9607914189767
2025-09-25T15:18:15.109983,619.5372492703912
2025-09-25T15:18:15.859619,619.9413628800507
2025-09-25T15:18:16.609242,619.6887918740135
2025-09-25T15:18:17.358879,620.1706196393768
2025-09-25T15:18:18.108468,619.9141629255545
2025-09-25T15:18:18.858130,620.2522195028658
2025-09-25T15:18:19.607748,619.0321072583167
2025-09-25T15:18:20.357372,619.490620776969
2025-09-25T15:18:21.106970,620.8001043005773
2025-09-25T15:18:21.856633,619.9724485423322
2025-09-25T15:18:22.606283,619.6460490883765
2025-09-25T15:18:23.355913,619.844220185421
2025-09-25T15:18:24.105549,620.3959906909178
2025-09-25T15:18:24.855182,620.2211338405843
2025-09-25T15:18:25.604802,620.3143908274288
2025-09-25T15:18:26.354426,619.4129066212652
2025-09-25T15:18:27.103986,619.1914212775094
2025-09-25T15:18:27.853610,619.3157639266354
2025-09-25T15:18:28.603222,619.6538205039468
2025-09-25T15:18:29.352872,619.6926775817988
2025-09-25T15:18:30.102504,619.6849061662283
2025-09-25T15:18:30.852103,619.987991373473
2025-09-25T15:18:31.601680,619.9258200489099
2025-09-25T15:18:32.351301,621.3674176372148
2025-09-25T15:18:33.100865,620.8273042550736
2025-09-25T15:18:33.850474,620.6718759436661
2025-09-25T15:18:34.600110,620.0773626525323
2025-09-25T15:18:35.349735,620.0385055746805
2025-09-25T15:18:36.099369,619.5644492248875
2025-09-25T15:18:36.848987,620.1589625160212
2025-09-25T15:18:37.598606,620.1278768537397
2025-09-25T15:18:38.348229,619.782048860858
2025-09-25T15:18:39.097877,619.3818209589837
2025-09-25T15:18:39.847521,619.3740495434133
2025-09-25T15:18:40.597157,619.6965632895839
2025-09-25T15:18:41.346818,619.4012494979096
2025-09-25T15:18:42.096446,620.1395339770953
2025-09-25T15:18:42.846086,619.2574783098577
2025-09-25T15:18:43.595702,619.4634208224726
2025-09-25T15:18:44.345326,619.4012494979096
2025-09-25T15:18:45.094927,619.9996484968285
2025-09-25T15:18:45.844534,620.2716480417918
2025-09-25T15:18:46.594143,619.6849061662283
2025-09-25T15:18:47.343777,619.490620776969
2025-09-25T15:18:48.093417,619.8986200944137
2025-09-25T15:18:48.843020,620.0423912824656
2025-09-25T15:18:49.592644,619.5838777638135
2025-09-25T15:18:50.342282,619.7043347051542
2025-09-25T15:18:51.091903,619.2924496799243
2025-09-25T15:18:51.841467,619.5799920560282
2025-09-25T15:18:52.591109,619.1370213685168
2025-09-25T15:18:53.340741,619.2963353877095
2025-09-25T15:18:54.090337,619.7548489063618
2025-09-25T15:18:54.839937,619.016564427176
2025-09-25T15:18:55.589548,619.2769068487836
2025-09-25T15:18:56.339136,619.9141629255545
2025-09-25T15:18:57.088726,619.9569057111916
2025-09-25T15:18:57.838345,619.801477399784
2025-09-25T15:18:58.587964,619.3429638811318
2025-09-25T15:18:59.337604,619.801477399784
2025-09-25T15:19:00.087252,619.5022779003245
2025-09-25T15:19:00.836889,619.3468495889169
2025-09-25T15:19:01.586485,619.1564499074427
2025-09-25T15:19:02.336144,619.0398786738871
2025-09-25T15:19:03.085786,618.9310788559019
2025-09-25T15:19:03.835433,619.3546210044874
2025-09-25T15:19:04.585053,620.193933886088
2025-09-25T15:19:05.334704,619.2380497709318
2025-09-25T15:19:06.084437,619.2108498164354
2025-09-25T15:19:06.834103,619.1214785373761
2025-09-25T15:19:07.583715,619.3079925110651
2025-09-25T15:19:08.333266,618.8222790379166
2025-09-25T15:19:09.082795,619.078735751739
2025-09-25T15:19:09.832327,618.8611361157684
2025-09-25T15:19:10.581898,618.561936616309
2025-09-25T15:19:11.331445,619.6693633350876
2025-09-25T15:19:12.081020,619.2691354332133
2025-09-25T15:19:12.830665,618.542508077383
2025-09-25T15:19:13.580299,618.5735937396645
2025-09-25T15:19:14.329909,620.3066194118584
2025-09-25T15:19:15.079560,619.3468495889169
2025-09-25T15:19:15.829228,618.9932501804649
2025-09-25T15:19:16.580096,618.9271931481167
2025-09-25T15:19:17.329725,619.078735751739
2025-09-25T15:19:18.079379,618.4764510450349
2025-09-25T15:19:18.829031,619.7665060297173
2025-09-25T15:19:19.578698,619.098164290665
2025-09-25T15:19:20.328273,619.5566778093171
2025-09-25T15:19:21.077888,619.2458211865021
2025-09-25T15:19:21.827473,618.5852508630201
2025-09-25T15:19:22.577038,618.4103940126867
2025-09-25T15:19:23.326612,618.581365155235
2025-09-25T15:19:24.076227,618.5036509995311
2025-09-25T15:19:24.825832,619.2458211865021
2025-09-25T15:19:25.575433,619.595534887169
2025-09-25T15:19:26.325057,619.6110777183097
2025-09-25T15:19:27.074627,618.7445648822128
2025-09-25T15:19:27.824229,618.5658223240941
2025-09-25T15:19:28.573814,619.2108498164354
2025-09-25T15:19:29.323435,619.5916491793838
2025-09-25T15:19:30.073026,618.9427359792573
2025-09-25T15:19:30.822626,618.7795362522795
2025-09-25T15:19:31.572193,619.160335615228
2025-09-25T15:19:32.321763,619.3196496344207
2025-09-25T15:19:33.071328,618.6085651097312
2025-09-25T15:19:33.820948,619.2574783098577
2025-09-25T15:19:34.570559,619.098164290665
2025-09-25T15:19:35.320167,619.2963353877095
2025-09-25T15:19:36.069760,619.3041068032799
2025-09-25T15:19:36.819368,619.3973637901244
2025-09-25T15:19:37.568988,619.2885639721392
2025-09-25T15:19:38.318588,618.7251363432869
2025-09-25T15:19:39.068188,618.9815930571093
2025-09-25T15:19:39.817785,619.5450206859616
2025-09-25T15:19:40.567375,619.1991926930798
2025-09-25T15:19:41.316989,620.1045626070287
2025-09-25T15:19:42.066599,618.8261647457018
2025-09-25T15:19:42.816197,619.3973637901244
2025-09-25T15:19:43.565826,619.5761063482431
2025-09-25T15:19:44.315414,619.2497068942872
2025-09-25T15:19:45.065024,619.0010215960352
2025-09-25T15:19:45.814665,619.1486784918724
2025-09-25T15:19:46.564289,619.078735751739
2025-09-25T15:19:47.313913,619.6305062572357
2025-09-25T15:19:48.063521,618.8455932846277
2025-09-25T15:19:48.813104,618.542508077383
2025-09-25T15:19:49.562707,619.1836498619391
2025-09-25T15:19:50.312249,618.9466216870426
2025-09-25T15:19:51.061862,618.9932501804649
2025-09-25T15:19:51.811452,618.7562220055684
2025-09-25T15:19:52.561065,619.4673065302578
2025-09-25T15:19:53.310648,619.2341640631465
2025-09-25T15:19:54.060286,619.906391509984
2025-09-25T15:19:54.809886,619.5566778093171
2025-09-25T15:19:55.559533,619.9763342501175
2025-09-25T15:19:56.309144,619.9025058021989
2025-09-25T15:19:57.058748,619.5061636081097
2025-09-25T15:19:57.808395,619.1797641541539
2025-09-25T15:19:58.558013,619.5916491793838
2025-09-25T15:19:59.307650,619.4711922380429
2025-09-25T15:20:00.057266,619.4556494069022
2025-09-25T15:20:00.806900,619.9374771722655
2025-09-25T15:20:01.556501,619.0282215505315
2025-09-25T15:20:02.306093,620.4581620154808
2025-09-25T15:20:03.055618,619.8286773542803
2025-09-25T15:20:03.805233,619.1447927840871
2025-09-25T15:20:04.554874,619.657706211732
2025-09-25T15:20:05.304543,620.0540484058212
2025-09-25T15:20:06.054186,619.8481058932063
2025-09-25T15:20:06.803851,620.0423912824656
2025-09-25T15:20:07.553515,621.4490175007037
2025-09-25T15:20:08.303154,620.5747332490364
2025-09-25T15:20:09.052844,619.987991373473
2025-09-25T15:20:09.802475,619.7431917830062
2025-09-25T15:20:10.552103,620.1084483148138
2025-09-25T15:20:11.301726,620.4465048921252
2025-09-25T15:20:12.051353,620.1045626070287
2025-09-25T15:20:12.800998,620.6874187748068
2025-09-25T15:20:13.550678,620.9671897353404
2025-09-25T15:20:14.300359,619.1875355697242
2025-09-25T15:20:15.050021,619.7004489973691
2025-09-25T15:20:15.799643,620.1006768992435
2025-09-25T15:20:16.549310,620.2638766262213
2025-09-25T15:20:17.298952,620.0151913279693
2025-09-25T15:20:18.048582,620.5358761711846
2025-09-25T15:20:18.798225,619.7937059842136
2025-09-25T15:20:19.547875,620.1978195938732
2025-09-25T15:20:20.297541,619.5994205949542
2025-09-25T15:20:21.047129,620.8311899628588
2025-09-25T15:20:21.796786,620.85450420957
2025-09-25T15:20:22.546402,620.1628482238065
2025-09-25T15:20:23.296025,619.9957627890434
2025-09-25T15:20:24.045650,620.6407902813846
2025-09-25T15:20:24.795280,620.8001043005773
2025-09-25T15:20:25.544921,620.8117614239329
2025-09-25T15:20:26.294638,620.1667339315917
2025-09-25T15:20:27.044289,620.6135903268882
2025-09-25T15:20:27.793942,620.6563331125253
2025-09-25T15:20:28.543621,621.6510743055335
2025-09-25T15:20:29.293234,620.7340472682291
2025-09-25T15:20:30.042858,620.1395339770953
2025-09-25T15:20:30.792518,621.5927886887557
2025-09-25T15:20:31.542144,620.9127898263478
2025-09-25T15:20:32.291724,620.8700470407107
2025-09-25T15:20:33.041365,621.0177039365478
2025-09-25T15:20:33.790956,621.0604467221849
2025-09-25T15:20:34.540585,620.9749611509108
2025-09-25T15:20:35.290232,621.1498180012443
2025-09-25T15:20:36.039831,621.371303345
2025-09-25T15:20:36.789455,620.8622756251403
2025-09-25T15:20:37.539066,621.3052463126518
2025-09-25T15:20:38.288692,620.8933612874218
2025-09-25T15:20:39.038327,620.462047723266
2025-09-25T15:20:39.787986,620.5825046646067
2025-09-25T15:20:40.537615,620.772904346081
2025-09-25T15:20:41.287278,621.041018183259
2025-09-25T15:20:42.036877,621.0526753066146
2025-09-25T15:20:42.786508,619.9724485423322
2025-09-25T15:20:43.536175,620.2522195028658
2025-09-25T15:20:44.285857,619.739306075221
2025-09-25T15:20:45.035548,620.4426191843401
2025-09-25T15:20:45.785193,620.0307341591101
2025-09-25T15:20:46.534859,620.5125619244734
2025-09-25T15:20:47.284486,619.9607914189767
2025-09-25T15:20:48.034211,620.380447859777
2025-09-25T15:20:48.783888,620.7962185927921
2025-09-25T15:20:49.533521,620.131762561525
2025-09-25T15:20:50.283201,620.8661613329256
2025-09-25T15:20:51.032888,620.0462769902508
2025-09-25T15:20:51.782539,620.8622756251403
2025-09-25T15:20:52.532217,621.0293610599034
2025-09-25T15:20:53.281925,621.6122172276816
2025-09-25T15:20:54.031576,621.3907318839259
2025-09-25T15:20:54.781249,620.5825046646067
2025-09-25T15:20:55.530914,621.208103618022
2025-09-25T15:20:56.280546,622.4398729859267
2025-09-25T15:20:57.030195,622.0085594217708
2025-09-25T15:20:57.779837,621.1614751245999
2025-09-25T15:20:58.529483,621.2741606503703
2025-09-25T15:20:59.279149,620.5941617879623
2025-09-25T15:21:00.028776,621.1226180467479
2025-09-25T15:21:00.778457,621.2469606958739
2025-09-25T15:21:01.528125,622.1834162721043
2025-09-25T15:21:02.277779,621.0993038000368
2025-09-25T15:21:03.027451,621.3596462216444
2025-09-25T15:21:03.777158,621.0565610143997
2025-09-25T15:21:04.526781,621.0876466766813
2025-09-25T15:21:05.276389,621.3246748515777
2025-09-25T15:21:06.026007,622.4437586937119
2025-09-25T15:21:06.775662,625.9098100380996
2025-09-25T15:21:07.525286,627.6544928336491
2025-09-25T15:21:08.274902,627.7710640672047
2025-09-25T15:21:09.024552,627.5612358468046
2025-09-25T15:21:09.774212,627.2503792239896
2025-09-25T15:21:10.523874,626.1312953818554
2025-09-25T15:21:11.273504,625.4512965194475
2025-09-25T15:21:12.023129,625.5056964284402
2025-09-25T15:21:12.772764,625.6611247398477
2025-09-25T15:21:13.522390,625.4979250128697
2025-09-25T15:21:14.272071,624.6624978390543
2025-09-25T15:21:15.021719,624.0058132233574
2025-09-25T15:21:15.771330,622.9605578291419
2025-09-25T15:21:16.520934,622.3582731224377
2025-09-25T15:21:17.270545,621.7676455390891
2025-09-25T15:21:18.020178,621.825931155867
2025-09-25T15:21:18.769823,620.6446759891697
2025-09-25T15:21:19.519463,619.7121061207247
2025-09-25T15:21:20.269103,620.050162698036
2025-09-25T15:21:21.018687,619.9025058021989
2025-09-25T15:21:21.768297,620.1045626070287
2025-09-25T15:21:22.517944,620.3027337040733
2025-09-25T15:21:23.267582,619.968562834547
2025-09-25T15:21:24.017219,619.6732490428727
2025-09-25T15:21:24.766848,620.0229627435397
2025-09-25T15:21:25.516552,619.098164290665
2025-09-25T15:21:26.266240,619.3973637901244
2025-09-25T15:21:27.015861,619.1836498619391
2025-09-25T15:21:27.765522,619.1020499984501
2025-09-25T15:21:28.515146,618.0295946497382
2025-09-25T15:21:29.264780,617.7459379814195
2025-09-25T15:21:30.014407,618.1733658377901
2025-09-25T15:21:30.764057,618.810621914561
2025-09-25T15:21:31.513696,619.6732490428727
2025-09-25T15:21:32.263355,619.5916491793838
2025-09-25T15:21:33.012977,618.6318793564424
2025-09-25T15:21:33.762623,620.0851340681027
2025-09-25T15:21:34.512261,619.9025058021989
2025-09-25T15:21:35.261898,619.7703917375025
2025-09-25T15:21:36.011557,619.1564499074427
2025-09-25T15:21:36.761177,619.1020499984501
2025-09-25T15:21:37.510859,619.0398786738871
2025-09-25T15:21:38.260545,618.1150802210124
2025-09-25T15:21:39.010196,617.2990815861228
2025-09-25T15:21:39.759848,618.4958795839608
2025-09-25T15:21:40.509521,619.035992966102
2025-09-25T15:21:41.259171,617.9402233706788
2025-09-25T15:21:42.008768,620.4426191843401
2025-09-25T15:21:42.758376,621.1303894623184
2025-09-25T15:21:43.508047,622.7313010698158
2025-09-25T15:21:44.257731,621.88810248043
2025-09-25T15:21:45.007381,622.5525585116972
2025-09-25T15:21:45.757055,622.4010159080748
2025-09-25T15:21:46.506664,623.1354146794754
2025-09-25T15:21:47.256311,624.2778127683207
2025-09-25T15:21:48.005948,623.8892419898019
2025-09-25T15:21:48.755610,623.6522138149054
2025-09-25T15:21:49.505370,625.4124394415956
2025-09-25T15:21:50.255223,624.1534701191947
2025-09-25T15:21:51.005031,623.8464992041648
2025-09-25T15:21:51.754865,623.2869572830976
2025-09-25T15:21:52.504639,624.0407845934242
2025-09-25T15:21:53.254479,623.457928425646
2025-09-25T15:21:54.004328,623.7104994316832
2025-09-25T15:21:54.754122,623.9591847299353
2025-09-25T15:21:55.503949,624.3866125863059
2025-09-25T15:21:56.253682,623.5706139514165
2025-09-25T15:21:57.003454,624.1301558724836
2025-09-25T15:21:57.753196,623.3996428088682
2025-09-25T15:21:58.502949,623.7571279251055
2025-09-25T15:21:59.252722,623.8115278340981
2025-09-25T15:22:00.002503,623.6288995681942
2025-09-25T15:22:00.752357,623.0188434459197
2025-09-25T15:22:01.502090,623.6599852304757
2025-09-25T15:22:02.251834,623.0887861860531
2025-09-25T15:22:03.001607,622.7196439464602
2025-09-25T15:22:03.751348,623.0577005237716
2025-09-25T15:22:04.501140,623.0421576926309
2025-09-25T15:22:05.250891,622.5525585116972
2025-09-25T15:22:06.000640,621.6860456756002
2025-09-25T15:22:06.750396,622.4010159080748
2025-09-25T15:22:07.500145,622.40490161586
2025-09-25T15:22:08.249959,622.8983865045789
2025-09-25T15:22:08.999766,622.6030727129046
2025-09-25T15:22:09.749539,622.7468439009566
2025-09-25T15:22:10.499313,622.4631872326378
2025-09-25T15:22:11.249135,622.3582731224377
2025-09-25T15:22:11.998939,622.92170075129
2025-09-25T15:22:12.748739,622.7507296087417
2025-09-25T15:22:13.498531,623.6677566460461
2025-09-25T15:22:14.248332,621.9425023894227
2025-09-25T15:22:14.998118,622.9761006602827
2025-09-25T15:22:15.747932,622.4359872781415
2025-09-25T15:22:16.497750,621.4645603318445
2025-09-25T15:22:17.247565,622.8439865955862
2025-09-25T15:22:17.997320,622.7701581476676
2025-09-25T15:22:18.747150,622.1834162721043
2025-09-25T15:22:19.496897,621.7404455845929
2025-09-25T15:22:20.246711,622.3038732134451
2025-09-25T15:22:20.996521,622.1911876876746
2025-09-25T15:22:21.746363,621.6433028899631
2025-09-25T15:22:22.496201,621.3207891437926
2025-09-25T15:22:23.245976,622.2766732589488
2025-09-25T15:22:23.995802,621.5772458576149
2025-09-25T15:22:24.745564,620.5941617879623
2025-09-25T15:22:25.495322,620.9477611964145
2025-09-25T15:22:26.245079,621.1226180467479
2025-09-25T15:22:26.994845,621.3674176372148
2025-09-25T15:22:27.744611,621.0449038910442
2025-09-25T15:22:28.494316,620.6330188658143
2025-09-25T15:22:29.244047,621.4490175007037
2025-09-25T15:22:29.993775,620.6330188658143
2025-09-25T15:22:30.743506,621.7521027079484
2025-09-25T15:22:31.493233,620.9283326574886
2025-09-25T15:22:32.242987,620.7573615149403
2025-09-25T15:22:32.992737,620.5786189568216
2025-09-25T15:22:33.742510,620.3843335675622
2025-09-25T15:22:34.492248,621.5655887342593
2025-09-25T15:22:35.242108,621.0993038000368
2025-09-25T15:22:35.991889,619.5217064392505
2025-09-25T15:22:36.741644,620.2055910094435
2025-09-25T15:22:37.491430,620.1006768992435
2025-09-25T15:22:38.241191,619.1681070307983
2025-09-25T15:22:38.990951,619.9724485423322
2025-09-25T15:22:39.740715,620.3415907819251
2025-09-25T15:22:40.490421,619.0631929205982
2025-09-25T15:22:41.240178,618.6279936486571
2025-09-25T15:22:41.989988,619.2807925565688
2025-09-25T15:22:42.739741,618.8572504079833
2025-09-25T15:22:43.489485,618.7873076678499
2025-09-25T15:22:44.239224,618.5697080318794
2025-09-25T15:22:44.988997,618.3521083959088
2025-09-25T15:22:45.738754,617.9285662473233
2025-09-25T15:22:46.488516,618.3793083504052
2025-09-25T15:22:47.238238,617.6060525011527
2025-09-25T15:22:47.987982,617.2291388459895
2025-09-25T15:22:48.737786,617.6410238712194
2025-09-25T15:22:49.487518,618.5308509540274
2025-09-25T15:22:50.237337,618.1889086689309
2025-09-25T15:22:50.987117,618.6551936031535
2025-09-25T15:22:51.736886,618.4026225971163
2025-09-25T15:22:52.486621,618.5774794474497
2025-09-25T15:22:53.236392,618.3870797659755
2025-09-25T15:22:53.986143,618.8339361612722
2025-09-25T15:22:54.735905,618.4453653827534
2025-09-25T15:22:55.485699,618.8805646546944
2025-09-25T15:22:56.235424,619.3041068032799
2025-09-25T15:22:56.985222,618.1655944222198
2025-09-25T15:22:57.734974,618.8844503624796
2025-09-25T15:22:58.484717,618.3521083959088
2025-09-25T15:22:59.234464,619.4828493613985
2025-09-25T15:22:59.984194,618.8494789924129
2025-09-25T15:23:00.734014,618.4337082593978
2025-09-25T15:23:01.483779,617.6410238712194
2025-09-25T15:23:02.233566,618.6007936941609
2025-09-25T15:23:02.983330,617.8119950137676
2025-09-25T15:23:03.733056,617.4661670208859
2025-09-25T15:23:04.482818,617.4855955598118
2025-09-25T15:23:05.232525,618.1150802210124
2025-09-25T15:23:05.982237,618.8766789469092
2025-09-25T15:23:06.731994,617.9790804485308
2025-09-25T15:23:07.481762,617.7498236892046
2025-09-25T15:23:08.231556,617.9207948317529
2025-09-25T15:23:08.981366,617.1514246902857
2025-09-25T15:23:09.731132,618.3521083959088
2025-09-25T15:23:10.480944,617.6021667933675
2025-09-25T15:23:11.230741,617.8586235071899
2025-09-25T15:23:11.980533,617.1669675214264
2025-09-25T15:23:12.730327,617.2679959238413
2025-09-25T15:23:13.480101,616.4908543668037
2025-09-25T15:23:14.229882,617.2563388004858
2025-09-25T15:23:14.979623,617.8741663383307
2025-09-25T15:23:15.729421,616.9687964243818
2025-09-25T15:23:16.479193,616.6346255548557
2025-09-25T15:23:17.228961,617.4156528196785
2025-09-25T15:23:17.978696,616.743425372841
2025-09-25T15:23:18.728458,618.4997652917459
2025-09-25T15:23:19.478200,617.4195385274637
2025-09-25T15:23:20.227920,617.9713090329603
2025-09-25T15:23:20.977666,618.2549657012792
2025-09-25T15:23:21.727413,617.1514246902857
2025-09-25T15:23:22.477146,617.8741663383307
2025-09-25T15:23:23.226903,617.2718816316266
2025-09-25T15:23:23.976644,616.8250252363299
2025-09-25T15:23:24.726388,617.283538754982
2025-09-25T15:23:25.476134,617.738166565849
2025-09-25T15:23:26.225866,617.0154249178041
2025-09-25T15:23:26.975660,617.5633097155156
2025-09-25T15:23:27.725356,618.231651454568
2025-09-25T15:23:28.475108,618.6590793109386
2025-09-25T15:23:29.224899,616.9765678399523
2025-09-25T15:23:29.974680,616.9804535477374
2025-09-25T15:23:30.724366,618.6746221420794
2025-09-25T15:23:31.474058,618.2627371168495
2025-09-25T15:23:32.223752,618.2005657922865
2025-09-25T15:23:32.973439,618.5774794474497
2025-09-25T15:23:33.723102,618.5541652007386
2025-09-25T15:23:34.472804,618.4958795839608
2025-09-25T15:23:35.222534,618.4842224606052
2025-09-25T15:23:35.972213,617.1863960603524
2025-09-25T15:23:36.721975,616.7006825872039
2025-09-25T15:23:37.471682,617.1863960603524
2025-09-25T15:23:38.221387,617.0426248723004
2025-09-25T15:23:38.971152,617.4894812675971
2025-09-25T15:23:39.720893,616.6657112171372
2025-09-25T15:23:40.470646,617.5555382999453
2025-09-25T15:23:41.220392,616.4364544578111
2025-09-25T15:23:41.970129,617.4195385274637
2025-09-25T15:23:42.719920,617.5982810855824
2025-09-25T15:23:43.469741,617.3146244172636
2025-09-25T15:23:44.219560,617.1358818591449
2025-09-25T15:23:44.969313,618.0529088964494
2025-09-25T15:23:45.719154,617.8547377994047
2025-09-25T15:23:46.468952,617.7187380269231
2025-09-25T15:23:47.218732,616.9843392555226
2025-09-25T15:23:47.968507,617.5905096700119
2025-09-25T15:23:48.718258,617.8081093059825
2025-09-25T15:23:49.468036,616.7978252818335
2025-09-25T15:23:50.217836,617.3107387094784
2025-09-25T15:23:50.967587,616.9532535932411
2025-09-25T15:23:51.717393,617.571081131086
2025-09-25T15:23:52.467138,617.0270820411597
2025-09-25T15:23:53.216892,616.4247973344555
2025-09-25T15:23:53.966655,616.6268541392853
2025-09-25T15:23:54.716385,617.2291388459895
2025-09-25T15:23:55.466140,617.4311956508192
2025-09-25T15:23:56.215912,616.2266262374109
2025-09-25T15:23:56.965676,617.2407959693451
2025-09-25T15:23:57.715493,616.2577118996925
2025-09-25T15:23:58.465301,615.3834276480251
2025-09-25T15:23:59.215100,616.020683724796
2025-09-25T15:23:59.964815,615.8885696600995
2025-09-25T15:24:00.714601,615.7991983810402
2025-09-25T15:24:01.464368,615.834169751107
2025-09-25T15:24:02.214174,615.608798699566
2025-09-25T15:24:02.963956,616.1605692050628
2025-09-25T15:24:03.713767,615.5893701606401
2025-09-25T15:24:04.463530,615.3523419857436
2025-09-25T15:24:05.213305,615.6204558229216
2025-09-25T15:24:05.963042,615.876912536744
2025-09-25T15:24:06.712790,615.9895980625145
2025-09-25T15:24:07.462583,616.2305119451961
2025-09-25T15:24:08.212326,614.8666285125951
2025-09-25T15:24:08.962062,615.8458268744624
2025-09-25T15:24:09.711797,615.3173706156769
2025-09-25T15:24:10.461579,615.6865128552698
2025-09-25T15:24:11.211375,615.1075423952767
2025-09-25T15:24:11.961115,614.431429240654
2025-09-25T15:24:12.710869,615.3445705701732
2025-09-25T15:24:13.460634,615.5932558684252
2025-09-25T15:24:14.210412,614.9054855904469
2025-09-25T15:24:14.960187,614.9987425772915
2025-09-25T15:24:15.709963,614.1982867735427
2025-09-25T15:24:16.459725,614.1477725723353
2025-09-25T15:24:17.209463,613.9884585531426
2025-09-25T15:24:17.959245,614.6451431688394
2025-09-25T15:24:18.709044,613.976801429787
2025-09-25T15:24:19.458814,614.96765691501
2025-09-25T15:24:20.208574,614.1944010657576
2025-09-25T15:24:20.958303,614.3614865005206
2025-09-25T15:24:21.708052,614.4819434418615
2025-09-25T15:24:22.457796,614.575200428706
2025-09-25T15:24:23.207580,614.0661727088464
2025-09-25T15:24:23.957353,613.9806871375722
2025-09-25T15:24:24.707110,612.9509745744973
2025-09-25T15:24:25.456916,612.5740609193341
2025-09-25T15:24:26.206689,612.7489177696675
2025-09-25T15:24:26.956484,612.2243472186672
2025-09-25T15:24:27.706267,612.201032971956
2025-09-25T15:24:28.456027,612.4536039779932
2025-09-25T15:24:29.205742,611.909604888067
2025-09-25T15:24:29.955444,612.2942899588005
2025-09-25T15:24:30.705166,612.4730325169193
2025-09-25T15:24:31.454908,612.2515471731635
2025-09-25T15:24:32.204657,612.2476614653783
2025-09-25T15:24:32.954348,612.0067475826967
2025-09-25T15:24:33.704025,613.3240025218754
2025-09-25T15:24:34.453700,613.00537448349
2025-09-25T15:24:35.203368,614.0001156764981
2025-09-25T15:24:35.953040,613.2462883661716
2025-09-25T15:24:36.702784,613.3201168140902
2025-09-25T15:24:37.452440,612.9276603277863
2025-09-25T15:24:38.202119,612.881031834364
2025-09-25T15:24:38.951773,613.0986314703345
2025-09-25T15:24:39.701506,612.5973751660453
2025-09-25T15:24:40.451174,612.1427473551782
2025-09-25T15:24:41.200844,612.033947537193
2025-09-25T15:24:41.950529,612.4730325169193
2025-09-25T15:24:42.700235,611.8979477647114
2025-09-25T15:24:43.449937,612.4808039324896
2025-09-25T15:24:44.199669,612.1038902773264
2025-09-25T15:24:44.949342,612.1932615563857
2025-09-25T15:24:45.699057,612.6906321528897
2025-09-25T15:24:46.448752,613.0520029769123
2025-09-25T15:24:47.198518,612.694517860675
2025-09-25T15:24:47.948248,612.6867464451045
2025-09-25T15:24:48.698030,612.5779466271193
2025-09-25T15:24:49.447761,612.1854901408153
2025-09-25T15:24:50.197496,612.1233188162523
2025-09-25T15:24:50.947236,612.5818323349044
2025-09-25T15:24:51.696922,611.5870911418963
2025-09-25T15:24:52.446682,611.9795476282003
2025-09-25T15:24:53.196451,612.0922331539708
2025-09-25T15:24:53.946153,610.4058359751991
2025-09-25T15:24:54.695904,610.0677793978878
2025-09-25T15:24:55.445635,610.425264514125
2025-09-25T15:24:56.195370,609.1934951462205
2025-09-25T15:24:56.945126,610.3980645596288
2025-09-25T15:24:57.694852,609.3566948731983
2025-09-25T15:24:58.444611,610.1649220925175
2025-09-25T15:24:59.194368,608.9836669258203
2025-09-25T15:24:59.944132,610.2387505404361
2025-09-25T15:25:00.693940,610.650635565666
2025-09-25T15:25:01.443743,610.5301786243251
2025-09-25T15:25:02.193522,611.1208062076738
2025-09-25T15:25:02.943240,611.5288055251185
2025-09-25T15:25:03.693005,611.3150915969331
2025-09-25T15:25:04.442778,610.0755508134581
2025-09-25T15:25:05.192538,611.4744056161259
2025-09-25T15:25:05.942257,611.5560054796148
2025-09-25T15:25:06.692027,612.0028618749114
2025-09-25T15:25:07.441789,611.5832054341112
2025-09-25T15:25:08.191522,611.3150915969331
2025-09-25T15:25:08.941220,610.712806890229
2025-09-25T15:25:09.690962,610.8060638770735
2025-09-25T15:25:10.440657,610.1726935080878
2025-09-25T15:25:11.190418,610.0755508134581
2025-09-25T15:25:11.940171,610.588464241103
2025-09-25T15:25:12.689949,610.1882363392286
2025-09-25T15:25:13.439677,609.3411520420576
2025-09-25T15:25:14.189428,608.4552106670347
2025-09-25T15:25:14.939140,609.142980945013
2025-09-25T15:25:15.688866,608.4124678813977
2025-09-25T15:25:16.438598,608.4124678813977
2025-09-25T15:25:17.188348,608.7116673808571
2025-09-25T15:25:17.938082,608.3658393879754
2025-09-25T15:25:18.687871,608.1482397520049
2025-09-25T15:25:19.437577,607.7907546357676
2025-09-25T15:25:20.187271,608.1093826741529
2025-09-25T15:25:20.937003,607.510983675234
2025-09-25T15:25:21.686787,607.9617257783158
2025-09-25T15:25:22.436483,607.9073258693232
2025-09-25T15:25:23.186238,607.1962413446338
2025-09-25T15:25:23.935999,607.8140688824786
2025-09-25T15:25:24.685754,607.4526980584562
2025-09-25T15:25:25.435525,608.0510970573752
2025-09-25T15:25:26.185265,608.3230966023383
2025-09-25T15:25:26.934992,607.4876694285228
2025-09-25T15:25:27.684712,607.4177266883895
2025-09-25T15:25:28.434438,608.2220681999235
2025-09-25T15:25:29.184159,607.5342979219452
2025-09-25T15:25:29.933898,607.6314406165749
2025-09-25T15:25:30.683620,607.8179545902639
2025-09-25T15:25:31.433398,607.6392120321452
2025-09-25T15:25:32.183138,606.6716707936333
2025-09-25T15:25:32.932852,606.18984302827
2025-09-25T15:25:33.682558,606.7027564559148
2025-09-25T15:25:34.432290,606.5084710666555
2025-09-25T15:25:35.182063,606.2287001061219
2025-09-25T15:25:35.931807,606.9825274164484
2025-09-25T15:25:36.683097,607.0446987410114
2025-09-25T15:25:37.432846,608.1793254142864
2025-09-25T15:25:38.182618,607.5342979219452
2025-09-25T15:25:38.932357,607.0291559098707
2025-09-25T15:25:39.682079,607.4682408895969
2025-09-25T15:25:40.431800,607.7596689734861
2025-09-25T15:25:41.181547,607.0097273709447
2025-09-25T15:25:41.931272,608.6145246862275
2025-09-25T15:25:42.680991,608.1249255052937
2025-09-25T15:25:43.430716,608.9253813090425
2025-09-25T15:25:44.180466,608.583439023946
2025-09-25T15:25:44.930219,609.1896094384352
2025-09-25T15:25:45.679954,609.4344090289021
2025-09-25T15:25:46.429692,608.8554385689091
2025-09-25T15:25:47.179434,609.2206951007167
2025-09-25T15:25:47.929125,608.4862963293162
2025-09-25T15:25:48.678822,608.4008107580421
2025-09-25T15:25:49.428580,609.2634378863538
2025-09-25T15:25:50.178403,608.5251534071681
2025-09-25T15:25:50.928524,608.5329248227384
2025-09-25T15:25:51.678568,608.8709814000498
2025-09-25T15:25:52.428680,608.9020670623313
2025-09-25T15:25:53.178782,609.1080095749463
2025-09-25T15:25:53.928956,608.7116673808571
2025-09-25T15:25:54.679128,608.1754397065012
2025-09-25T15:25:55.429265,608.5057248682422
2025-09-25T15:25:56.179355,609.1662951917241
2025-09-25T15:25:56.929447,608.5368105305237
2025-09-25T15:25:57.679568,608.2453824466346
2025-09-25T15:25:58.429618,608.1676682909308
2025-09-25T15:25:59.179711,608.420239296968
2025-09-25T15:25:59.929883,608.5018391604569
2025-09-25T15:26:00.680055,608.7660672898497
2025-09-25T15:26:01.430142,608.3852679269013
2025-09-25T15:26:02.180211,607.448812350671
2025-09-25T15:26:02.930203,607.6120120776488
2025-09-25T15:26:03.680293,608.2609252777753
2025-09-25T15:26:04.430284,608.2065253687826
2025-09-25T15:26:05.180385,607.7130404800638
2025-09-25T15:26:05.930430,607.1496128512115
2025-09-25T15:26:06.680510,607.5381836297303
2025-09-25T15:26:07.430565,606.932013215241
2025-09-25T15:26:08.180625,606.9980702475892
2025-09-25T15:26:08.930723,608.0005828561677
2025-09-25T15:26:09.680762,608.295896647842
2025-09-25T15:26:10.430867,607.7324690189897
2025-09-25T15:26:11.180948,607.5653835842267
2025-09-25T15:26:11.931008,607.3555553638265
2025-09-25T15:26:12.681073,608.3541822646198
2025-09-25T15:26:13.431127,608.544581946094
2025-09-25T15:26:14.181125,607.9928114405973
2025-09-25T15:26:14.931227,608.2376110310641
2025-09-25T15:26:15.681232,607.9578400705307
2025-09-25T15:26:16.431398,608.4862963293162
2025-09-25T15:26:17.181494,608.2764681089161
2025-09-25T15:26:17.932379,607.8840116226121
2025-09-25T15:26:18.682487,607.262298376982
2025-09-25T15:26:19.432581,608.6494960562941
2025-09-25T15:26:20.182661,608.5368105305237
2025-09-25T15:26:20.932748,609.1080095749463
2025-09-25T15:26:21.682887,609.267323594139
2025-09-25T15:26:22.432983,609.4266376133318
2025-09-25T15:26:23.183037,609.5665230935986
2025-09-25T15:26:23.933099,609.3528091654132
2025-09-25T15:26:24.683176,609.3528091654132
2025-09-25T15:26:25.433268,609.6520086648726
2025-09-25T15:26:26.183423,610.0755508134581
2025-09-25T15:26:26.933470,609.990065242184
2025-09-25T15:26:27.683597,610.1882363392286
2025-09-25T15:26:28.433664,611.6142910963927
2025-09-25T15:26:29.183753,611.890176349141
2025-09-25T15:26:29.933850,611.5598911874
2025-09-25T15:26:30.683928,610.7788639225772
2025-09-25T15:26:31.434098,611.9640047970596
2025-09-25T15:26:32.184195,610.7827496303623
2025-09-25T15:26:32.934285,610.8099495848587
2025-09-25T15:26:33.684390,609.9240082098358
2025-09-25T15:26:34.434481,609.9939509499692
2025-09-25T15:26:35.186050,610.5496071632512
2025-09-25T15:26:35.936148,610.1765792158731
2025-09-25T15:26:36.686205,609.3139520875612
2025-09-25T15:26:37.436376,610.6001213644586
2025-09-25T15:26:38.186491,609.8618368852729
2025-09-25T15:26:38.936611,609.3955519510503
2025-09-25T15:26:39.686727,611.0741777142515
2025-09-25T15:26:40.436822,609.846294054132
2025-09-25T15:26:41.186979,609.3411520420576
2025-09-25T15:26:41.936981,610.6972640590883
2025-09-25T15:26:42.687139,610.4174930985547
2025-09-25T15:26:43.437232,609.990065242184
2025-09-25T15:26:44.187310,609.2634378863538
2025-09-25T15:26:44.937419,610.0988650601693
2025-09-25T15:26:45.687504,609.8929225475543
2025-09-25T15:26:46.437621,610.0056080733248
2025-09-25T15:26:47.187721,610.5301786243251
2025-09-25T15:26:47.937798,610.4369216374806
2025-09-25T15:26:48.687946,610.3514360662065
2025-09-25T15:26:49.438038,609.8190940996358
2025-09-25T15:26:50.188139,609.4577232756133
2025-09-25T15:26:50.938225,609.7646941906431
2025-09-25T15:26:51.688290,609.1701808995093
2025-09-25T15:26:52.438414,609.865722593058
2025-09-25T15:26:53.188557,609.4577232756133
2025-09-25T15:26:53.938607,609.2206951007167
2025-09-25T15:26:54.688723,608.0782970118714
2025-09-25T15:26:55.438748,608.0433256418048
2025-09-25T15:26:56.188789,607.3400125326857
2025-09-25T15:26:56.938846,607.9228687004639
2025-09-25T15:26:57.688901,607.6702976944267
2025-09-25T15:26:58.439031,607.2312127147005
2025-09-25T15:26:59.189155,607.2817269159079
2025-09-25T15:26:59.939269,607.7013833567082
2025-09-25T15:27:00.689345,606.8892704296039
2025-09-25T15:27:01.439461,607.0757844032929
2025-09-25T15:27:02.189562,606.2209286905515
2025-09-25T15:27:02.939595,606.6017280535
2025-09-25T15:27:03.689679,606.9242417996707
2025-09-25T15:27:04.439847,606.5706423912185
2025-09-25T15:27:05.189959,605.7080152629068
2025-09-25T15:27:05.940029,605.9139577755217
2025-09-25T15:27:06.690157,606.0072147623662
2025-09-25T15:27:07.440232,605.3583015622398
2025-09-25T15:27:08.190349,604.8376167190246
2025-09-25T15:27:08.940405,605.797386541966
2025-09-25T15:27:09.690578,605.8051579575364
2025-09-25T15:27:10.440683,605.5448155359288
2025-09-25T15:27:11.190796,604.8648166735209
2025-09-25T15:27:11.940834,605.031902108284
2025-09-25T15:27:12.690961,605.5642440748547
2025-09-25T15:27:13.441083,605.0047021537877
2025-09-25T15:27:14.191132,604.9075594591579
2025-09-25T15:27:14.941268,604.4607030638614
2025-09-25T15:27:15.691372,604.4879030183577
2025-09-25T15:27:16.441392,604.2664176746019
2025-09-25T15:27:17.191508,603.8156755715202
2025-09-25T15:27:17.941593,603.9400182206462
2025-09-25T15:27:18.691714,604.8415024268098
2025-09-25T15:27:19.441790,604.6821884076171
2025-09-25T15:27:20.191846,605.8945292365958
2025-09-25T15:27:20.942011,606.0188718857218
2025-09-25T15:27:21.692079,605.2961302376768
2025-09-25T15:27:22.442182,605.443787133514
2025-09-25T15:27:23.192330,604.6433313297651
2025-09-25T15:27:23.942399,604.8065310567431
2025-09-25T15:27:24.692570,604.5733885896318
2025-09-25T15:27:25.442644,605.6847010161956
2025-09-25T15:27:26.192764,605.3699586855954
2025-09-25T15:27:26.942818,605.9100720677365
2025-09-25T15:27:27.692925,605.9761291000847
2025-09-25T15:27:28.443019,604.6044742519133
2025-09-25T15:27:29.193143,604.6938455309727
2025-09-25T15:27:29.943191,605.3738443933805
2025-09-25T15:27:30.693342,604.8298453034542
2025-09-25T15:27:31.443422,604.3596746614464
2025-09-25T15:27:32.193590,604.6433313297651
2025-09-25T15:27:32.943720,604.1537321488315
2025-09-25T15:27:33.693810,604.6627598686911
2025-09-25T15:27:34.443894,605.1717875885507
2025-09-25T15:27:35.194007,604.9036737513728
2025-09-25T15:27:35.944078,604.2197891811796
2025-09-25T15:27:36.694177,605.15624475741
2025-09-25T15:27:37.444231,604.9813879070765
2025-09-25T15:27:38.194315,605.1290448029137
2025-09-25T15:27:38.944372,605.113501971773
2025-09-25T15:27:39.694415,605.5292727047881
2025-09-25T15:27:40.444548,604.701616946543
2025-09-25T15:27:41.194603,604.6783026998319
2025-09-25T15:27:41.944708,604.0527037464166
2025-09-25T15:27:42.694853,604.4879030183577
2025-09-25T15:27:43.444924,604.701616946543
2025-09-25T15:27:44.194994,603.7340757080311
2025-09-25T15:27:44.945027,603.8195612793053
2025-09-25T15:27:45.695142,603.7535042469572
2025-09-25T15:27:46.445214,604.1343036099055
2025-09-25T15:27:47.195343,603.3532763450827
2025-09-25T15:27:47.945436,603.8623040649424
2025-09-25T15:27:48.695483,603.792361324809
2025-09-25T15:27:49.445611,603.069619676764
2025-09-25T15:27:50.195733,604.0837894086981
2025-09-25T15:27:50.945774,604.3247032913797
2025-09-25T15:27:51.695863,605.1212733873433
2025-09-25T15:27:52.445902,605.8051579575364
2025-09-25T15:27:53.196021,605.1795590041212
2025-09-25T15:27:53.946063,605.5642440748547
2025-09-25T15:27:54.696176,605.9877862234403
2025-09-25T15:27:55.446291,605.9256148988773
2025-09-25T15:27:56.196358,605.8556721587439
2025-09-25T15:27:56.946449,605.5720154904251
2025-09-25T15:27:57.696584,605.9761291000847
2025-09-25T15:27:58.446660,605.8517864509587
2025-09-25T15:27:59.196778,605.9295006066625
2025-09-25T15:27:59.946845,606.2831000151145
2025-09-25T15:28:00.696907,605.6031011527067
2025-09-25T15:28:01.447011,605.7818437108253
2025-09-25T15:28:02.197038,606.3064142618257
2025-09-25T15:28:02.946939,606.1743001971292
2025-09-25T15:28:03.696658,606.333614216322
2025-09-25T15:28:04.446394,605.4010443478769
2025-09-25T15:28:05.196112,605.8129293731068
2025-09-25T15:28:05.945844,606.1626430737738
2025-09-25T15:28:06.695574,605.9411577300181
2025-09-25T15:28:07.445281,606.4696139888036
2025-09-25T15:28:08.194998,606.932013215241
2025-09-25T15:28:08.944718,606.6677850858482
2025-09-25T15:28:09.694412,607.0446987410114
2025-09-25T15:28:10.444149,606.7221849948409
2025-09-25T15:28:11.193913,607.1884699290634
2025-09-25T15:28:11.943597,607.0058416631596
2025-09-25T15:28:12.693316,608.1249255052937
2025-09-25T15:28:13.443045,607.8024117591231
2025-09-25T15:28:14.192773,607.9422972393899
2025-09-25T15:28:14.942484,607.3400125326857
2025-09-25T15:28:15.692196,608.1326969208641
2025-09-25T15:28:16.441935,609.1274381138722
2025-09-25T15:28:17.191740,608.9448098479684
2025-09-25T15:28:17.941473,607.779097512412
2025-09-25T15:28:18.691192,608.544581946094
2025-09-25T15:28:19.440894,608.1016112585826
2025-09-25T15:28:20.190577,607.8062974669083
2025-09-25T15:28:20.940281,608.1210397975085
2025-09-25T15:28:21.689980,607.180698513493
2025-09-25T15:28:22.441765,608.2881252322717
2025-09-25T15:28:23.191487,607.3322411171154
2025-09-25T15:28:23.941173,608.4357821281088
2025-09-25T15:28:24.690861,607.2739555003375
2025-09-25T15:28:25.440541,607.7130404800638
2025-09-25T15:28:26.190239,607.7674403890564
2025-09-25T15:28:26.939965,607.7868689279824
2025-09-25T15:28:27.689707,608.8554385689091
2025-09-25T15:28:28.439457,608.812695783272
2025-09-25T15:28:29.189195,609.9201225020506
2025-09-25T15:28:29.938933,609.2129236851464
2025-09-25T15:28:30.688608,608.9214956012573
2025-09-25T15:28:31.438306,609.453837567828
2025-09-25T15:28:32.188011,608.5912104395163
2025-09-25T15:28:32.937737,608.15212545979
2025-09-25T15:28:33.687459,607.3594410716116
2025-09-25T15:28:34.437178,607.386641026108
2025-09-25T15:28:35.186874,607.5692692920119
2025-09-25T15:28:35.936546,608.7932672443461
2025-09-25T15:28:36.686291,607.9772686094566
2025-09-25T15:28:37.435982,607.7246976034194
2025-09-25T15:28:38.185697,608.2920109400568
2025-09-25T15:28:38.935405,608.1637825831456
2025-09-25T15:28:39.685098,607.5848121231526
2025-09-25T15:28:40.434778,608.0821827196567
2025-09-25T15:28:41.184458,607.7091547722786
2025-09-25T15:28:41.934146,606.6833279169889
2025-09-25T15:28:42.683869,606.7765849038335
2025-09-25T15:28:43.433644,607.6003549542934
2025-09-25T15:28:44.183372,606.3685855863887
2025-09-25T15:28:44.933115,607.7907546357676
2025-09-25T15:28:45.682806,607.7829832201971
2025-09-25T15:28:46.432514,608.089954135227
2025-09-25T15:28:47.182243,607.7285833112045
2025-09-25T15:28:47.931979,607.6392120321452
2025-09-25T15:28:48.681739,608.4124678813977
2025-09-25T15:28:49.431474,608.4901820371014
2025-09-25T15:28:50.181177,607.965611486101
